PERMNO,date,COMNAM,PRC
86580,2022-01-03,NVIDIA CORP,301.20999
86580,2022-01-04,NVIDIA CORP,292.89999
86580,2022-01-05,NVIDIA CORP,276.04001
86580,2022-01-06,NVIDIA CORP,281.78000
86580,2022-01-07,NVIDIA CORP,272.47000
86580,2022-01-10,NVIDIA CORP,274.00000
86580,2022-01-11,NVIDIA CORP,278.17001
86580,2022-01-12,NVIDIA CORP,279.98999
86580,2022-01-13,NVIDIA CORP,265.75000
86580,2022-01-14,NVIDIA CORP,269.42001
86580,2022-01-18,NVIDIA CORP,259.03000
86580,2022-01-19,NVIDIA CORP,250.67000
86580,2022-01-20,NVIDIA CORP,241.50000
86580,2022-01-21,NVIDIA CORP,233.74001
86580,2022-01-24,NVIDIA CORP,233.72000
86580,2022-01-25,NVIDIA CORP,223.24001
86580,2022-01-26,NVIDIA CORP,227.72000
86580,2022-01-27,NVIDIA CORP,219.44000
86580,2022-01-28,NVIDIA CORP,228.39999
86580,2022-01-31,NVIDIA CORP,244.86000
86580,2022-02-01,NVIDIA CORP,246.38000
86580,2022-02-02,NVIDIA CORP,252.42000
86580,2022-02-03,NVIDIA CORP,239.48000
86580,2022-02-04,NVIDIA CORP,243.19000
86580,2022-02-07,NVIDIA CORP,247.28000
86580,2022-02-08,NVIDIA CORP,251.08000
86580,2022-02-09,NVIDIA CORP,267.04999
86580,2022-02-10,NVIDIA CORP,258.23999
86580,2022-02-11,NVIDIA CORP,239.49001
86580,2022-02-14,NVIDIA CORP,242.67000
86580,2022-02-15,NVIDIA CORP,264.95001
86580,2022-02-16,NVIDIA CORP,265.10999
86580,2022-02-17,NVIDIA CORP,245.07001
86580,2022-02-18,NVIDIA CORP,236.42000
86580,2022-02-22,NVIDIA CORP,233.89999
86580,2022-02-23,NVIDIA CORP,223.87000
86580,2022-02-24,NVIDIA CORP,237.48000
86580,2022-02-25,NVIDIA CORP,241.57001
86580,2022-02-28,NVIDIA CORP,243.85001
86580,2022-03-01,NVIDIA CORP,234.77000
86580,2022-03-02,NVIDIA CORP,242.20000
86580,2022-03-03,NVIDIA CORP,237.14000
86580,2022-03-04,NVIDIA CORP,229.36000
86580,2022-03-07,NVIDIA CORP,213.52000
86580,2022-03-08,NVIDIA CORP,215.14000
86580,2022-03-09,NVIDIA CORP,230.14000
86580,2022-03-10,NVIDIA CORP,226.58000
86580,2022-03-11,NVIDIA CORP,221.00000
86580,2022-03-14,NVIDIA CORP,213.30000
86580,2022-03-15,NVIDIA CORP,229.73000
86580,2022-03-16,NVIDIA CORP,244.96001
86580,2022-03-17,NVIDIA CORP,247.66000
86580,2022-03-18,NVIDIA CORP,264.53000
86580,2022-03-21,NVIDIA CORP,267.34000
86580,2022-03-22,NVIDIA CORP,265.23999
86580,2022-03-23,NVIDIA CORP,256.34000
86580,2022-03-24,NVIDIA CORP,281.50000
86580,2022-03-25,NVIDIA CORP,276.92001
86580,2022-03-28,NVIDIA CORP,282.19000
86580,2022-03-29,NVIDIA CORP,286.56000
86580,2022-03-30,NVIDIA CORP,276.89999
86580,2022-03-31,NVIDIA CORP,272.85999
86580,2022-04-01,NVIDIA CORP,267.12000
86580,2022-04-04,NVIDIA CORP,273.60001
86580,2022-04-05,NVIDIA CORP,259.31000
86580,2022-04-06,NVIDIA CORP,244.07001
86580,2022-04-07,NVIDIA CORP,242.08000
86580,2022-04-08,NVIDIA CORP,231.19000
86580,2022-04-11,NVIDIA CORP,219.17000
86580,2022-04-12,NVIDIA CORP,215.03999
86580,2022-04-13,NVIDIA CORP,222.03000
86580,2022-04-14,NVIDIA CORP,212.58000
86580,2022-04-18,NVIDIA CORP,217.83000
86580,2022-04-19,NVIDIA CORP,221.98000
86580,2022-04-20,NVIDIA CORP,214.82001
86580,2022-04-21,NVIDIA CORP,201.83000
86580,2022-04-22,NVIDIA CORP,195.14999
86580,2022-04-25,NVIDIA CORP,199.02000
86580,2022-04-26,NVIDIA CORP,187.88000
86580,2022-04-27,NVIDIA CORP,184.14999
86580,2022-04-28,NVIDIA CORP,197.82001
86580,2022-04-29,NVIDIA CORP,185.47000
86580,2022-05-02,NVIDIA CORP,195.33000
86580,2022-05-03,NVIDIA CORP,196.02000
86580,2022-05-04,NVIDIA CORP,203.34000
86580,2022-05-05,NVIDIA CORP,188.44000
86580,2022-05-06,NVIDIA CORP,186.75000
86580,2022-05-09,NVIDIA CORP,169.50000
86580,2022-05-10,NVIDIA CORP,175.95000
86580,2022-05-11,NVIDIA CORP,166.30000
86580,2022-05-12,NVIDIA CORP,161.75000
86580,2022-05-13,NVIDIA CORP,177.06000
86580,2022-05-16,NVIDIA CORP,172.64000
86580,2022-05-17,NVIDIA CORP,181.77000
86580,2022-05-18,NVIDIA CORP,169.38000
86580,2022-05-19,NVIDIA CORP,171.24001
86580,2022-05-20,NVIDIA CORP,166.94000
86580,2022-05-23,NVIDIA CORP,168.98000
86580,2022-05-24,NVIDIA CORP,161.53999
86580,2022-05-25,NVIDIA CORP,169.75000
86580,2022-05-26,NVIDIA CORP,178.50999
86580,2022-05-27,NVIDIA CORP,188.11000
86580,2022-05-31,NVIDIA CORP,186.72000
86580,2022-06-01,NVIDIA CORP,183.20000
86580,2022-06-02,NVIDIA CORP,195.92000
86580,2022-06-03,NVIDIA CORP,187.20000
86580,2022-06-06,NVIDIA CORP,187.86000
86580,2022-06-07,NVIDIA CORP,189.25999
86580,2022-06-08,NVIDIA CORP,186.48000
86580,2022-06-09,NVIDIA CORP,180.48000
86580,2022-06-10,NVIDIA CORP,169.74001
86580,2022-06-13,NVIDIA CORP,156.47000
86580,2022-06-14,NVIDIA CORP,158.36000
86580,2022-06-15,NVIDIA CORP,165.27000
86580,2022-06-16,NVIDIA CORP,156.00999
86580,2022-06-17,NVIDIA CORP,158.80000
86580,2022-06-21,NVIDIA CORP,165.66000
86580,2022-06-22,NVIDIA CORP,163.60001
86580,2022-06-23,NVIDIA CORP,162.25000
86580,2022-06-24,NVIDIA CORP,171.25999
86580,2022-06-27,NVIDIA CORP,168.69000
86580,2022-06-28,NVIDIA CORP,159.82001
86580,2022-06-29,NVIDIA CORP,155.42000
86580,2022-06-30,NVIDIA CORP,151.59000
86580,2022-07-01,NVIDIA CORP,145.23000
86580,2022-07-05,NVIDIA CORP,149.64000
86580,2022-07-06,NVIDIA CORP,151.30000
86580,2022-07-07,NVIDIA CORP,158.58000
86580,2022-07-08,NVIDIA CORP,158.38000
86580,2022-07-11,NVIDIA CORP,151.52000
86580,2022-07-12,NVIDIA CORP,150.82001
86580,2022-07-13,NVIDIA CORP,151.64000
86580,2022-07-14,NVIDIA CORP,153.72000
86580,2022-07-15,NVIDIA CORP,157.62000
86580,2022-07-18,NVIDIA CORP,161.00999
86580,2022-07-19,NVIDIA CORP,169.92000
86580,2022-07-20,NVIDIA CORP,178.07001
86580,2022-07-21,NVIDIA CORP,180.50000
86580,2022-07-22,NVIDIA CORP,173.19000
86580,2022-07-25,NVIDIA CORP,170.24001
86580,2022-07-26,NVIDIA CORP,165.33000
86580,2022-07-27,NVIDIA CORP,177.89999
86580,2022-07-28,NVIDIA CORP,179.84000
86580,2022-07-29,NVIDIA CORP,181.63000
86580,2022-08-01,NVIDIA CORP,184.41000
86580,2022-08-02,NVIDIA CORP,185.25999
86580,2022-08-03,NVIDIA CORP,188.92999
86580,2022-08-04,NVIDIA CORP,192.14999
86580,2022-08-05,NVIDIA CORP,189.89000
86580,2022-08-08,NVIDIA CORP,177.92999
86580,2022-08-09,NVIDIA CORP,170.86000
86580,2022-08-10,NVIDIA CORP,180.97000
86580,2022-08-11,NVIDIA CORP,179.42000
86580,2022-08-12,NVIDIA CORP,187.09000
86580,2022-08-15,NVIDIA CORP,190.32001
86580,2022-08-16,NVIDIA CORP,188.78999
86580,2022-08-17,NVIDIA CORP,183.35001
86580,2022-08-18,NVIDIA CORP,187.73000
86580,2022-08-19,NVIDIA CORP,178.49001
86580,2022-08-22,NVIDIA CORP,170.34000
86580,2022-08-23,NVIDIA CORP,171.81000
86580,2022-08-24,NVIDIA CORP,172.22000
86580,2022-08-25,NVIDIA CORP,179.13000
86580,2022-08-26,NVIDIA CORP,162.60001
86580,2022-08-29,NVIDIA CORP,158.00999
86580,2022-08-30,NVIDIA CORP,154.67999
86580,2022-08-31,NVIDIA CORP,150.94000
86580,2022-09-01,NVIDIA CORP,139.37000
86580,2022-09-02,NVIDIA CORP,136.47000
86580,2022-09-06,NVIDIA CORP,134.64999
86580,2022-09-07,NVIDIA CORP,137.14000
86580,2022-09-08,NVIDIA CORP,139.89999
86580,2022-09-09,NVIDIA CORP,143.87000
86580,2022-09-12,NVIDIA CORP,145.05000
86580,2022-09-13,NVIDIA CORP,131.31000
86580,2022-09-14,NVIDIA CORP,131.28000
86580,2022-09-15,NVIDIA CORP,129.28999
86580,2022-09-16,NVIDIA CORP,131.98000
86580,2022-09-19,NVIDIA CORP,133.82001
86580,2022-09-20,NVIDIA CORP,131.75999
86580,2022-09-21,NVIDIA CORP,132.61000
86580,2022-09-22,NVIDIA CORP,125.61000
86580,2022-09-23,NVIDIA CORP,125.16000
86580,2022-09-26,NVIDIA CORP,122.28000
86580,2022-09-27,NVIDIA CORP,124.13000
86580,2022-09-28,NVIDIA CORP,127.36000
86580,2022-09-29,NVIDIA CORP,122.20000
86580,2022-09-30,NVIDIA CORP,121.39000
86580,2022-10-03,NVIDIA CORP,125.12000
86580,2022-10-04,NVIDIA CORP,131.67000
86580,2022-10-05,NVIDIA CORP,132.09000
86580,2022-10-06,NVIDIA CORP,131.30000
86580,2022-10-07,NVIDIA CORP,120.76000
86580,2022-10-10,NVIDIA CORP,116.70000
86580,2022-10-11,NVIDIA CORP,115.86000
86580,2022-10-12,NVIDIA CORP,115.00000
86580,2022-10-13,NVIDIA CORP,119.60000
86580,2022-10-14,NVIDIA CORP,112.27000
86580,2022-10-17,NVIDIA CORP,118.88000
86580,2022-10-18,NVIDIA CORP,119.67000
86580,2022-10-19,NVIDIA CORP,120.51000
86580,2022-10-20,NVIDIA CORP,121.94000
86580,2022-10-21,NVIDIA CORP,124.66000
86580,2022-10-24,NVIDIA CORP,125.99000
86580,2022-10-25,NVIDIA CORP,132.61000
86580,2022-10-26,NVIDIA CORP,128.96001
86580,2022-10-27,NVIDIA CORP,131.75999
86580,2022-10-28,NVIDIA CORP,138.34000
86580,2022-10-31,NVIDIA CORP,134.97000
86580,2022-11-01,NVIDIA CORP,135.42999
86580,2022-11-02,NVIDIA CORP,132.19000
86580,2022-11-03,NVIDIA CORP,134.21001
86580,2022-11-04,NVIDIA CORP,141.56000
86580,2022-11-07,NVIDIA CORP,143.00999
86580,2022-11-08,NVIDIA CORP,146.02000
86580,2022-11-09,NVIDIA CORP,137.75999
86580,2022-11-10,NVIDIA CORP,157.50000
86580,2022-11-11,NVIDIA CORP,163.27000
86580,2022-11-14,NVIDIA CORP,162.95000
86580,2022-11-15,NVIDIA CORP,166.66000
86580,2022-11-16,NVIDIA CORP,159.10001
86580,2022-11-17,NVIDIA CORP,156.77000
86580,2022-11-18,NVIDIA CORP,154.09000
86580,2022-11-21,NVIDIA CORP,153.17000
86580,2022-11-22,NVIDIA CORP,160.38000
86580,2022-11-23,NVIDIA CORP,165.19000
86580,2022-11-25,NVIDIA CORP,162.70000
86580,2022-11-28,NVIDIA CORP,158.27000
86580,2022-11-29,NVIDIA CORP,156.39000
86580,2022-11-30,NVIDIA CORP,169.23000
86580,2022-12-01,NVIDIA CORP,171.35001
86580,2022-12-02,NVIDIA CORP,168.75999
86580,2022-12-05,NVIDIA CORP,166.10001
86580,2022-12-06,NVIDIA CORP,159.87000
86580,2022-12-07,NVIDIA CORP,161.20000
86580,2022-12-08,NVIDIA CORP,171.69000
86580,2022-12-09,NVIDIA CORP,170.00999
86580,2022-12-12,NVIDIA CORP,175.35001
86580,2022-12-13,NVIDIA CORP,180.72000
86580,2022-12-14,NVIDIA CORP,176.74001
86580,2022-12-15,NVIDIA CORP,169.52000
86580,2022-12-16,NVIDIA CORP,165.71001
86580,2022-12-19,NVIDIA CORP,162.53999
86580,2022-12-20,NVIDIA CORP,160.85001
86580,2022-12-21,NVIDIA CORP,165.00999
86580,2022-12-22,NVIDIA CORP,153.39000
86580,2022-12-23,NVIDIA CORP,152.06000
86580,2022-12-27,NVIDIA CORP,141.21001
86580,2022-12-28,NVIDIA CORP,140.36000
86580,2022-12-29,NVIDIA CORP,146.03000
86580,2022-12-30,NVIDIA CORP,146.14000
86580,2023-01-03,NVIDIA CORP,143.14999
86580,2023-01-04,NVIDIA CORP,147.49001
86580,2023-01-05,NVIDIA CORP,142.64999
86580,2023-01-06,NVIDIA CORP,148.59000
86580,2023-01-09,NVIDIA CORP,156.28000
86580,2023-01-10,NVIDIA CORP,159.09000
86580,2023-01-11,NVIDIA CORP,160.00999
86580,2023-01-12,NVIDIA CORP,165.11000
86580,2023-01-13,NVIDIA CORP,168.99001
86580,2023-01-17,NVIDIA CORP,177.02000
86580,2023-01-18,NVIDIA CORP,173.77000
86580,2023-01-19,NVIDIA CORP,167.64999
86580,2023-01-20,NVIDIA CORP,178.39000
86580,2023-01-23,NVIDIA CORP,191.92999
86580,2023-01-24,NVIDIA CORP,192.64999
86580,2023-01-25,NVIDIA CORP,193.23000
86580,2023-01-26,NVIDIA CORP,198.02000
86580,2023-01-27,NVIDIA CORP,203.64999
86580,2023-01-30,NVIDIA CORP,191.62000
86580,2023-01-31,NVIDIA CORP,195.37000
86580,2023-02-01,NVIDIA CORP,209.42999
86580,2023-02-02,NVIDIA CORP,217.09000
86580,2023-02-03,NVIDIA CORP,211.00000
86580,2023-02-06,NVIDIA CORP,210.89000
86580,2023-02-07,NVIDIA CORP,221.73000
86580,2023-02-08,NVIDIA CORP,222.05000
86580,2023-02-09,NVIDIA CORP,223.37000
86580,2023-02-10,NVIDIA CORP,212.64999
86580,2023-02-13,NVIDIA CORP,217.88000
86580,2023-02-14,NVIDIA CORP,229.71001
86580,2023-02-15,NVIDIA CORP,227.64000
86580,2023-02-16,NVIDIA CORP,220.02000
86580,2023-02-17,NVIDIA CORP,213.88000
86580,2023-02-21,NVIDIA CORP,206.55000
86580,2023-02-22,NVIDIA CORP,207.53999
86580,2023-02-23,NVIDIA CORP,236.64000
86580,2023-02-24,NVIDIA CORP,232.86000
86580,2023-02-27,NVIDIA CORP,235.00999
86580,2023-02-28,NVIDIA CORP,232.16000
86580,2023-03-01,NVIDIA CORP,226.98000
86580,2023-03-02,NVIDIA CORP,233.14000
86580,2023-03-03,NVIDIA CORP,238.89999
86580,2023-03-06,NVIDIA CORP,235.53999
86580,2023-03-07,NVIDIA CORP,232.88000
86580,2023-03-08,NVIDIA CORP,241.81000
86580,2023-03-09,NVIDIA CORP,234.36000
86580,2023-03-10,NVIDIA CORP,229.64999
86580,2023-03-13,NVIDIA CORP,229.66000
86580,2023-03-14,NVIDIA CORP,240.63000
86580,2023-03-15,NVIDIA CORP,242.28000
86580,2023-03-16,NVIDIA CORP,255.41000
86580,2023-03-17,NVIDIA CORP,257.25000
86580,2023-03-20,NVIDIA CORP,259.00000
86580,2023-03-21,NVIDIA CORP,261.98999
86580,2023-03-22,NVIDIA CORP,264.67999
86580,2023-03-23,NVIDIA CORP,271.91000
86580,2023-03-24,NVIDIA CORP,267.79001
86580,2023-03-27,NVIDIA CORP,265.31000
86580,2023-03-28,NVIDIA CORP,264.10001
86580,2023-03-29,NVIDIA CORP,269.84000
86580,2023-03-30,NVIDIA CORP,273.82999
86580,2023-03-31,NVIDIA CORP,277.76999
86580,2023-04-03,NVIDIA CORP,279.64999
86580,2023-04-04,NVIDIA CORP,274.53000
86580,2023-04-05,NVIDIA CORP,268.81000
86580,2023-04-06,NVIDIA CORP,270.37000
86580,2023-04-10,NVIDIA CORP,275.79001
86580,2023-04-11,NVIDIA CORP,271.69000
86580,2023-04-12,NVIDIA CORP,264.95001
86580,2023-04-13,NVIDIA CORP,264.63000
86580,2023-04-14,NVIDIA CORP,267.57999
86580,2023-04-17,NVIDIA CORP,270.01999
86580,2023-04-18,NVIDIA CORP,276.67001
86580,2023-04-19,NVIDIA CORP,279.31000
86580,2023-04-20,NVIDIA CORP,271.04001
86580,2023-04-21,NVIDIA CORP,271.19000
86580,2023-04-24,NVIDIA CORP,270.42001
86580,2023-04-25,NVIDIA CORP,262.41000
86580,2023-04-26,NVIDIA CORP,269.56000
86580,2023-04-27,NVIDIA CORP,272.26001
86580,2023-04-28,NVIDIA CORP,277.48999
86580,2023-05-01,NVIDIA CORP,289.10001
86580,2023-05-02,NVIDIA CORP,282.10001
86580,2023-05-03,NVIDIA CORP,278.01999
86580,2023-05-04,NVIDIA CORP,275.62000
86580,2023-05-05,NVIDIA CORP,286.79999
86580,2023-05-08,NVIDIA CORP,291.51001
86580,2023-05-09,NVIDIA CORP,285.70999
86580,2023-05-10,NVIDIA CORP,288.85001
86580,2023-05-11,NVIDIA CORP,285.78000
86580,2023-05-12,NVIDIA CORP,283.39999
86580,2023-05-15,NVIDIA CORP,289.53000
86580,2023-05-16,NVIDIA CORP,292.13000
86580,2023-05-17,NVIDIA CORP,301.78000
86580,2023-05-18,NVIDIA CORP,316.78000
86580,2023-05-19,NVIDIA CORP,312.64001
86580,2023-05-22,NVIDIA CORP,311.76001
86580,2023-05-23,NVIDIA CORP,306.88000
86580,2023-05-24,NVIDIA CORP,305.38000
86580,2023-05-25,NVIDIA CORP,379.79999
86580,2023-05-26,NVIDIA CORP,389.45999
86580,2023-05-30,NVIDIA CORP,401.10999
86580,2023-05-31,NVIDIA CORP,378.34000
86580,2023-06-01,NVIDIA CORP,397.70001
86580,2023-06-02,NVIDIA CORP,393.26999
86580,2023-06-05,NVIDIA CORP,391.70999
86580,2023-06-06,NVIDIA CORP,386.54001
86580,2023-06-07,NVIDIA CORP,374.75000
86580,2023-06-08,NVIDIA CORP,385.10001
86580,2023-06-09,NVIDIA CORP,387.70001
86580,2023-06-12,NVIDIA CORP,394.82001
86580,2023-06-13,NVIDIA CORP,410.22000
86580,2023-06-14,NVIDIA CORP,429.97000
86580,2023-06-15,NVIDIA CORP,426.53000
86580,2023-06-16,NVIDIA CORP,426.92001
86580,2023-06-20,NVIDIA CORP,438.07999
86580,2023-06-21,NVIDIA CORP,430.45001
86580,2023-06-22,NVIDIA CORP,430.25000
86580,2023-06-23,NVIDIA CORP,422.09000
86580,2023-06-26,NVIDIA CORP,406.32001
86580,2023-06-27,NVIDIA CORP,418.76001
86580,2023-06-28,NVIDIA CORP,411.17001
86580,2023-06-29,NVIDIA CORP,408.22000
86580,2023-06-30,NVIDIA CORP,423.01999
86580,2023-07-03,NVIDIA CORP,424.13000
86580,2023-07-05,NVIDIA CORP,423.17001
86580,2023-07-06,NVIDIA CORP,421.03000
86580,2023-07-07,NVIDIA CORP,425.03000
86580,2023-07-10,NVIDIA CORP,421.79999
86580,2023-07-11,NVIDIA CORP,424.04999
86580,2023-07-12,NVIDIA CORP,439.01999
86580,2023-07-13,NVIDIA CORP,459.76999
86580,2023-07-14,NVIDIA CORP,454.69000
86580,2023-07-17,NVIDIA CORP,464.60999
86580,2023-07-18,NVIDIA CORP,474.94000
86580,2023-07-19,NVIDIA CORP,470.76999
86580,2023-07-20,NVIDIA CORP,455.20001
86580,2023-07-21,NVIDIA CORP,443.09000
86580,2023-07-24,NVIDIA CORP,446.12000
86580,2023-07-25,NVIDIA CORP,456.79001
86580,2023-07-26,NVIDIA CORP,454.51999
86580,2023-07-27,NVIDIA CORP,459.00000
86580,2023-07-28,NVIDIA CORP,467.50000
86580,2023-07-31,NVIDIA CORP,467.29001
86580,2023-08-01,NVIDIA CORP,465.07001
86580,2023-08-02,NVIDIA CORP,442.69000
86580,2023-08-03,NVIDIA CORP,445.14999
86580,2023-08-04,NVIDIA CORP,446.79999
86580,2023-08-07,NVIDIA CORP,454.16501
86580,2023-08-08,NVIDIA CORP,446.64001
86580,2023-08-09,NVIDIA CORP,425.54001
86580,2023-08-10,NVIDIA CORP,423.88000
86580,2023-08-11,NVIDIA CORP,408.54999
86580,2023-08-14,NVIDIA CORP,437.53000
86580,2023-08-15,NVIDIA CORP,439.39999
86580,2023-08-16,NVIDIA CORP,434.85999
86580,2023-08-17,NVIDIA CORP,433.43500
86580,2023-08-18,NVIDIA CORP,432.98999
86580,2023-08-21,NVIDIA CORP,469.67001
86580,2023-08-22,NVIDIA CORP,456.67999
86580,2023-08-23,NVIDIA CORP,471.16000
86580,2023-08-24,NVIDIA CORP,471.63000
86580,2023-08-25,NVIDIA CORP,460.17999
86580,2023-08-28,NVIDIA CORP,468.35001
86580,2023-08-29,NVIDIA CORP,487.84000
86580,2023-08-30,NVIDIA CORP,492.64001
86580,2023-08-31,NVIDIA CORP,493.54999
86580,2023-09-01,NVIDIA CORP,485.09000
86580,2023-09-05,NVIDIA CORP,485.48001
86580,2023-09-06,NVIDIA CORP,470.60999
86580,2023-09-07,NVIDIA CORP,462.41000
86580,2023-09-08,NVIDIA CORP,455.72000
86580,2023-09-11,NVIDIA CORP,451.78000
86580,2023-09-12,NVIDIA CORP,448.70001
86580,2023-09-13,NVIDIA CORP,454.85001
86580,2023-09-14,NVIDIA CORP,455.81000
86580,2023-09-15,NVIDIA CORP,439.00000
86580,2023-09-18,NVIDIA CORP,439.66000
86580,2023-09-19,NVIDIA CORP,435.20001
86580,2023-09-20,NVIDIA CORP,422.39001
86580,2023-09-21,NVIDIA CORP,410.17001
86580,2023-09-22,NVIDIA CORP,416.10001
86580,2023-09-25,NVIDIA CORP,422.22000
86580,2023-09-26,NVIDIA CORP,419.10999
86580,2023-09-27,NVIDIA CORP,424.67999
86580,2023-09-28,NVIDIA CORP,430.89001
86580,2023-09-29,NVIDIA CORP,434.98999
86580,2023-10-02,NVIDIA CORP,447.82001
86580,2023-10-03,NVIDIA CORP,435.17001
86580,2023-10-04,NVIDIA CORP,440.41000
86580,2023-10-05,NVIDIA CORP,446.88000
86580,2023-10-06,NVIDIA CORP,457.62000
86580,2023-10-09,NVIDIA CORP,452.73001
86580,2023-10-10,NVIDIA CORP,457.98001
86580,2023-10-11,NVIDIA CORP,468.06000
86580,2023-10-12,NVIDIA CORP,469.45001
86580,2023-10-13,NVIDIA CORP,454.60999
86580,2023-10-16,NVIDIA CORP,460.95001
86580,2023-10-17,NVIDIA CORP,439.38000
86580,2023-10-18,NVIDIA CORP,421.95999
86580,2023-10-19,NVIDIA CORP,421.01001
86580,2023-10-20,NVIDIA CORP,413.87000
86580,2023-10-23,NVIDIA CORP,429.75000
86580,2023-10-24,NVIDIA CORP,436.63000
86580,2023-10-25,NVIDIA CORP,417.79001
86580,2023-10-26,NVIDIA CORP,403.26001
86580,2023-10-27,NVIDIA CORP,405.00000
86580,2023-10-30,NVIDIA CORP,411.60999
86580,2023-10-31,NVIDIA CORP,407.79999
86580,2023-11-01,NVIDIA CORP,423.25000
86580,2023-11-02,NVIDIA CORP,435.06000
86580,2023-11-03,NVIDIA CORP,450.04999
86580,2023-11-06,NVIDIA CORP,457.51001
86580,2023-11-07,NVIDIA CORP,459.54999
86580,2023-11-08,NVIDIA CORP,465.73999
86580,2023-11-09,NVIDIA CORP,469.50000
86580,2023-11-10,NVIDIA CORP,483.35001
86580,2023-11-13,NVIDIA CORP,486.20001
86580,2023-11-14,NVIDIA CORP,496.56000
86580,2023-11-15,NVIDIA CORP,488.88000
86580,2023-11-16,NVIDIA CORP,494.79999
86580,2023-11-17,NVIDIA CORP,492.98001
86580,2023-11-20,NVIDIA CORP,504.09000
86580,2023-11-21,NVIDIA CORP,499.44000
86580,2023-11-22,NVIDIA CORP,487.16000
86580,2023-11-24,NVIDIA CORP,477.76001
86580,2023-11-27,NVIDIA CORP,482.42001
86580,2023-11-28,NVIDIA CORP,478.20999
86580,2023-11-29,NVIDIA CORP,481.39999
86580,2023-11-30,NVIDIA CORP,467.70001
86580,2023-12-01,NVIDIA CORP,467.64999
86580,2023-12-04,NVIDIA CORP,455.10001
86580,2023-12-05,NVIDIA CORP,465.66000
86580,2023-12-06,NVIDIA CORP,455.03000
86580,2023-12-07,NVIDIA CORP,465.95999
86580,2023-12-08,NVIDIA CORP,475.06000
86580,2023-12-11,NVIDIA CORP,466.26999
86580,2023-12-12,NVIDIA CORP,476.57001
86580,2023-12-13,NVIDIA CORP,480.88000
86580,2023-12-14,NVIDIA CORP,483.50000
86580,2023-12-15,NVIDIA CORP,488.89999
86580,2023-12-18,NVIDIA CORP,500.76999
86580,2023-12-19,NVIDIA CORP,496.04001
86580,2023-12-20,NVIDIA CORP,481.10999
86580,2023-12-21,NVIDIA CORP,489.89999
86580,2023-12-22,NVIDIA CORP,488.29999
86580,2023-12-26,NVIDIA CORP,492.79001
86580,2023-12-27,NVIDIA CORP,494.17001
86580,2023-12-28,NVIDIA CORP,495.22000
86580,2023-12-29,NVIDIA CORP,495.22000
86580,2024-01-02,NVIDIA CORP,481.67999
86580,2024-01-03,NVIDIA CORP,475.69000
86580,2024-01-04,NVIDIA CORP,479.98001
86580,2024-01-05,NVIDIA CORP,490.97000
86580,2024-01-08,NVIDIA CORP,522.53003
86580,2024-01-09,NVIDIA CORP,531.40002
86580,2024-01-10,NVIDIA CORP,543.50000
86580,2024-01-11,NVIDIA CORP,548.21997
86580,2024-01-12,NVIDIA CORP,547.09998
86580,2024-01-16,NVIDIA CORP,563.82001
86580,2024-01-17,NVIDIA CORP,560.53003
86580,2024-01-18,NVIDIA CORP,571.07001
86580,2024-01-19,NVIDIA CORP,594.90997
86580,2024-01-22,NVIDIA CORP,596.53998
86580,2024-01-23,NVIDIA CORP,598.72998
86580,2024-01-24,NVIDIA CORP,613.62000
86580,2024-01-25,NVIDIA CORP,616.16998
86580,2024-01-26,NVIDIA CORP,610.31000
86580,2024-01-29,NVIDIA CORP,624.65002
86580,2024-01-30,NVIDIA CORP,627.73999
86580,2024-01-31,NVIDIA CORP,615.27002
86580,2024-02-01,NVIDIA CORP,630.27002
86580,2024-02-02,NVIDIA CORP,661.59998
86580,2024-02-05,NVIDIA CORP,693.32001
86580,2024-02-06,NVIDIA CORP,682.22998
86580,2024-02-07,NVIDIA CORP,700.98999
86580,2024-02-08,NVIDIA CORP,696.40997
86580,2024-02-09,NVIDIA CORP,721.33002
86580,2024-02-12,NVIDIA CORP,722.47998
86580,2024-02-13,NVIDIA CORP,721.28003
86580,2024-02-14,NVIDIA CORP,739.00000
86580,2024-02-15,NVIDIA CORP,726.58002
86580,2024-02-16,NVIDIA CORP,726.13000
86580,2024-02-20,NVIDIA CORP,694.52002
86580,2024-02-21,NVIDIA CORP,674.71997
86580,2024-02-22,NVIDIA CORP,785.38000
86580,2024-02-23,NVIDIA CORP,788.16998
86580,2024-02-26,NVIDIA CORP,790.91998
86580,2024-02-27,NVIDIA CORP,787.01001
86580,2024-02-28,NVIDIA CORP,776.63000
86580,2024-02-29,NVIDIA CORP,791.12000
86580,2024-03-01,NVIDIA CORP,822.78998
86580,2024-03-04,NVIDIA CORP,852.37000
86580,2024-03-05,NVIDIA CORP,859.64001
86580,2024-03-06,NVIDIA CORP,887.00000
86580,2024-03-07,NVIDIA CORP,926.69000
86580,2024-03-08,NVIDIA CORP,875.28003
86580,2024-03-11,NVIDIA CORP,857.73999
86580,2024-03-12,NVIDIA CORP,919.13000
86580,2024-03-13,NVIDIA CORP,908.88000
86580,2024-03-14,NVIDIA CORP,879.44000
86580,2024-03-15,NVIDIA CORP,878.36499
86580,2024-03-18,NVIDIA CORP,884.54999
86580,2024-03-19,NVIDIA CORP,893.97998
86580,2024-03-20,NVIDIA CORP,903.71997
86580,2024-03-21,NVIDIA CORP,914.34998
86580,2024-03-22,NVIDIA CORP,942.89001
86580,2024-03-25,NVIDIA CORP,950.02002
86580,2024-03-26,NVIDIA CORP,925.60999
86580,2024-03-27,NVIDIA CORP,902.50000
86580,2024-03-28,NVIDIA CORP,903.56000
86580,2024-04-01,NVIDIA CORP,903.63000
86580,2024-04-02,NVIDIA CORP,894.52002
86580,2024-04-03,NVIDIA CORP,889.64001
86580,2024-04-04,NVIDIA CORP,859.04999
86580,2024-04-05,NVIDIA CORP,880.08002
86580,2024-04-08,NVIDIA CORP,871.33002
86580,2024-04-09,NVIDIA CORP,853.53998
86580,2024-04-10,NVIDIA CORP,870.39001
86580,2024-04-11,NVIDIA CORP,906.15997
86580,2024-04-12,NVIDIA CORP,881.85999
86580,2024-04-15,NVIDIA CORP,860.01001
86580,2024-04-16,NVIDIA CORP,874.15002
86580,2024-04-17,NVIDIA CORP,840.34998
86580,2024-04-18,NVIDIA CORP,846.71002
86580,2024-04-19,NVIDIA CORP,762.00000
86580,2024-04-22,NVIDIA CORP,795.17999
86580,2024-04-23,NVIDIA CORP,824.22998
86580,2024-04-24,NVIDIA CORP,796.77002
86580,2024-04-25,NVIDIA CORP,826.32001
86580,2024-04-26,NVIDIA CORP,877.34998
86580,2024-04-29,NVIDIA CORP,877.57001
86580,2024-04-30,NVIDIA CORP,864.02002
86580,2024-05-01,NVIDIA CORP,830.40997
86580,2024-05-02,NVIDIA CORP,858.16998
86580,2024-05-03,NVIDIA CORP,887.89001
86580,2024-05-06,NVIDIA CORP,921.40002
86580,2024-05-07,NVIDIA CORP,905.53998
86580,2024-05-08,NVIDIA CORP,904.12000
86580,2024-05-09,NVIDIA CORP,887.46997
86580,2024-05-10,NVIDIA CORP,898.78003
86580,2024-05-13,NVIDIA CORP,903.98999
86580,2024-05-14,NVIDIA CORP,913.56000
86580,2024-05-15,NVIDIA CORP,946.29999
86580,2024-05-16,NVIDIA CORP,943.59003
86580,2024-05-17,NVIDIA CORP,924.78998
86580,2024-05-20,NVIDIA CORP,947.79999
86580,2024-05-21,NVIDIA CORP,953.85999
86580,2024-05-22,NVIDIA CORP,949.50000
86580,2024-05-23,NVIDIA CORP,1037.98999
86580,2024-05-24,NVIDIA CORP,1064.68994
86580,2024-05-28,NVIDIA CORP,1139.01001
86580,2024-05-29,NVIDIA CORP,1148.25000
86580,2024-05-30,NVIDIA CORP,1105.00000
86580,2024-05-31,NVIDIA CORP,1096.32996
86580,2024-06-03,NVIDIA CORP,1150.00000
86580,2024-06-04,NVIDIA CORP,1164.37000
86580,2024-06-05,NVIDIA CORP,1224.40002
86580,2024-06-06,NVIDIA CORP,1209.97998
86580,2024-06-07,NVIDIA CORP,1208.88000
86580,2024-06-10,NVIDIA CORP,121.79000
86580,2024-06-11,NVIDIA CORP,120.91000
86580,2024-06-12,NVIDIA CORP,125.20000
86580,2024-06-13,NVIDIA CORP,129.61000
86580,2024-06-14,NVIDIA CORP,131.88000
86580,2024-06-17,NVIDIA CORP,130.98000
86580,2024-06-18,NVIDIA CORP,135.58000
86580,2024-06-20,NVIDIA CORP,130.78000
86580,2024-06-21,NVIDIA CORP,126.57000
86580,2024-06-24,NVIDIA CORP,118.11000
86580,2024-06-25,NVIDIA CORP,126.09000
86580,2024-06-26,NVIDIA CORP,126.40000
86580,2024-06-27,NVIDIA CORP,123.99000
86580,2024-06-28,NVIDIA CORP,123.54000
86580,2024-07-01,NVIDIA CORP,124.30000
86580,2024-07-02,NVIDIA CORP,122.67000
86580,2024-07-03,NVIDIA CORP,128.28000
86580,2024-07-05,NVIDIA CORP,125.83000
86580,2024-07-08,NVIDIA CORP,128.20000
86580,2024-07-09,NVIDIA CORP,131.38000
86580,2024-07-10,NVIDIA CORP,134.91000
86580,2024-07-11,NVIDIA CORP,127.40000
86580,2024-07-12,NVIDIA CORP,129.24001
86580,2024-07-15,NVIDIA CORP,128.44000
86580,2024-07-16,NVIDIA CORP,126.36000
86580,2024-07-17,NVIDIA CORP,117.99000
86580,2024-07-18,NVIDIA CORP,121.09000
86580,2024-07-19,NVIDIA CORP,117.93000
86580,2024-07-22,NVIDIA CORP,123.54000
86580,2024-07-23,NVIDIA CORP,122.59000
86580,2024-07-24,NVIDIA CORP,114.25000
86580,2024-07-25,NVIDIA CORP,112.28000
86580,2024-07-26,NVIDIA CORP,113.06000
86580,2024-07-29,NVIDIA CORP,111.59000
86580,2024-07-30,NVIDIA CORP,103.73000
86580,2024-07-31,NVIDIA CORP,117.02000
86580,2024-08-01,NVIDIA CORP,109.21000
86580,2024-08-02,NVIDIA CORP,107.27000
86580,2024-08-05,NVIDIA CORP,100.45000
86580,2024-08-06,NVIDIA CORP,104.25000
86580,2024-08-07,NVIDIA CORP,98.91000
86580,2024-08-08,NVIDIA CORP,104.97000
86580,2024-08-09,NVIDIA CORP,104.75000
86580,2024-08-12,NVIDIA CORP,109.02000
86580,2024-08-13,NVIDIA CORP,116.14000
86580,2024-08-14,NVIDIA CORP,118.08000
86580,2024-08-15,NVIDIA CORP,122.86000
86580,2024-08-16,NVIDIA CORP,124.58000
86580,2024-08-19,NVIDIA CORP,130.00000
86580,2024-08-20,NVIDIA CORP,127.25000
86580,2024-08-21,NVIDIA CORP,128.50000
86580,2024-08-22,NVIDIA CORP,123.74000
86580,2024-08-23,NVIDIA CORP,129.37000
86580,2024-08-26,NVIDIA CORP,126.46000
86580,2024-08-27,NVIDIA CORP,128.30000
86580,2024-08-28,NVIDIA CORP,125.61000
86580,2024-08-29,NVIDIA CORP,117.59000
86580,2024-08-30,NVIDIA CORP,119.37000
86580,2024-09-03,NVIDIA CORP,108.00000
86580,2024-09-04,NVIDIA CORP,106.21000
86580,2024-09-05,NVIDIA CORP,107.21000
86580,2024-09-06,NVIDIA CORP,102.83000
86580,2024-09-09,NVIDIA CORP,106.47000
86580,2024-09-10,NVIDIA CORP,108.10000
86580,2024-09-11,NVIDIA CORP,116.91000
86580,2024-09-12,NVIDIA CORP,119.14000
86580,2024-09-13,NVIDIA CORP,119.10000
86580,2024-09-16,NVIDIA CORP,116.78000
86580,2024-09-17,NVIDIA CORP,115.59000
86580,2024-09-18,NVIDIA CORP,113.37000
86580,2024-09-19,NVIDIA CORP,117.87000
86580,2024-09-20,NVIDIA CORP,116.00000
86580,2024-09-23,NVIDIA CORP,116.26000
86580,2024-09-24,NVIDIA CORP,120.87000
86580,2024-09-25,NVIDIA CORP,123.51000
86580,2024-09-26,NVIDIA CORP,124.04000
86580,2024-09-27,NVIDIA CORP,121.40000
86580,2024-09-30,NVIDIA CORP,121.44000
93436,2022-01-03,TESLA INC,1199.78003
93436,2022-01-04,TESLA INC,1149.58997
93436,2022-01-05,TESLA INC,1088.12000
93436,2022-01-06,TESLA INC,1064.69995
93436,2022-01-07,TESLA INC,1026.95996
93436,2022-01-10,TESLA INC,1058.12000
93436,2022-01-11,TESLA INC,1064.40002
93436,2022-01-12,TESLA INC,1106.21997
93436,2022-01-13,TESLA INC,1031.56006
93436,2022-01-14,TESLA INC,1049.60999
93436,2022-01-18,TESLA INC,1030.51001
93436,2022-01-19,TESLA INC,995.65002
93436,2022-01-20,TESLA INC,996.27002
93436,2022-01-21,TESLA INC,943.90002
93436,2022-01-24,TESLA INC,930.00000
93436,2022-01-25,TESLA INC,918.40002
93436,2022-01-26,TESLA INC,937.40997
93436,2022-01-27,TESLA INC,829.09998
93436,2022-01-28,TESLA INC,846.34998
93436,2022-01-31,TESLA INC,936.71997
93436,2022-02-01,TESLA INC,931.25000
93436,2022-02-02,TESLA INC,905.65997
93436,2022-02-03,TESLA INC,891.14001
93436,2022-02-04,TESLA INC,923.32001
93436,2022-02-07,TESLA INC,907.34003
93436,2022-02-08,TESLA INC,922.00000
93436,2022-02-09,TESLA INC,932.00000
93436,2022-02-10,TESLA INC,904.54999
93436,2022-02-11,TESLA INC,860.00000
93436,2022-02-14,TESLA INC,875.76001
93436,2022-02-15,TESLA INC,922.42999
93436,2022-02-16,TESLA INC,923.39001
93436,2022-02-17,TESLA INC,876.34998
93436,2022-02-18,TESLA INC,856.97998
93436,2022-02-22,TESLA INC,821.53003
93436,2022-02-23,TESLA INC,764.03998
93436,2022-02-24,TESLA INC,800.77002
93436,2022-02-25,TESLA INC,809.87000
93436,2022-02-28,TESLA INC,870.42999
93436,2022-03-01,TESLA INC,864.37000
93436,2022-03-02,TESLA INC,879.89001
93436,2022-03-03,TESLA INC,839.28998
93436,2022-03-04,TESLA INC,838.28998
93436,2022-03-07,TESLA INC,804.58002
93436,2022-03-08,TESLA INC,824.40002
93436,2022-03-09,TESLA INC,858.96997
93436,2022-03-10,TESLA INC,838.29999
93436,2022-03-11,TESLA INC,795.34998
93436,2022-03-14,TESLA INC,766.37000
93436,2022-03-15,TESLA INC,801.89001
93436,2022-03-16,TESLA INC,840.22998
93436,2022-03-17,TESLA INC,871.59998
93436,2022-03-18,TESLA INC,905.39001
93436,2022-03-21,TESLA INC,921.15997
93436,2022-03-22,TESLA INC,993.97998
93436,2022-03-23,TESLA INC,999.10999
93436,2022-03-24,TESLA INC,1013.91998
93436,2022-03-25,TESLA INC,1010.64001
93436,2022-03-28,TESLA INC,1091.83997
93436,2022-03-29,TESLA INC,1099.56995
93436,2022-03-30,TESLA INC,1093.98999
93436,2022-03-31,TESLA INC,1077.59998
93436,2022-04-01,TESLA INC,1084.58997
93436,2022-04-04,TESLA INC,1145.44995
93436,2022-04-05,TESLA INC,1091.26001
93436,2022-04-06,TESLA INC,1045.76001
93436,2022-04-07,TESLA INC,1057.26001
93436,2022-04-08,TESLA INC,1025.48999
93436,2022-04-11,TESLA INC,975.92999
93436,2022-04-12,TESLA INC,986.95001
93436,2022-04-13,TESLA INC,1022.37000
93436,2022-04-14,TESLA INC,985.00000
93436,2022-04-18,TESLA INC,1004.28998
93436,2022-04-19,TESLA INC,1028.15002
93436,2022-04-20,TESLA INC,977.20001
93436,2022-04-21,TESLA INC,1008.78003
93436,2022-04-22,TESLA INC,1005.04999
93436,2022-04-25,TESLA INC,998.02002
93436,2022-04-26,TESLA INC,876.41998
93436,2022-04-27,TESLA INC,881.51001
93436,2022-04-28,TESLA INC,877.51001
93436,2022-04-29,TESLA INC,870.76001
93436,2022-05-02,TESLA INC,902.94000
93436,2022-05-03,TESLA INC,909.25000
93436,2022-05-04,TESLA INC,952.62000
93436,2022-05-05,TESLA INC,873.28003
93436,2022-05-06,TESLA INC,865.65002
93436,2022-05-09,TESLA INC,787.10999
93436,2022-05-10,TESLA INC,800.03998
93436,2022-05-11,TESLA INC,734.00000
93436,2022-05-12,TESLA INC,728.00000
93436,2022-05-13,TESLA INC,769.59003
93436,2022-05-16,TESLA INC,724.37000
93436,2022-05-17,TESLA INC,761.60999
93436,2022-05-18,TESLA INC,709.81000
93436,2022-05-19,TESLA INC,709.41998
93436,2022-05-20,TESLA INC,663.90002
93436,2022-05-23,TESLA INC,674.90002
93436,2022-05-24,TESLA INC,628.15997
93436,2022-05-25,TESLA INC,658.79999
93436,2022-05-26,TESLA INC,707.72998
93436,2022-05-27,TESLA INC,759.63000
93436,2022-05-31,TESLA INC,758.26001
93436,2022-06-01,TESLA INC,740.37000
93436,2022-06-02,TESLA INC,775.00000
93436,2022-06-03,TESLA INC,703.54999
93436,2022-06-06,TESLA INC,714.84003
93436,2022-06-07,TESLA INC,716.65997
93436,2022-06-08,TESLA INC,725.59998
93436,2022-06-09,TESLA INC,719.12000
93436,2022-06-10,TESLA INC,696.69000
93436,2022-06-13,TESLA INC,647.21002
93436,2022-06-14,TESLA INC,662.66998
93436,2022-06-15,TESLA INC,699.00000
93436,2022-06-16,TESLA INC,639.29999
93436,2022-06-17,TESLA INC,650.28003
93436,2022-06-21,TESLA INC,711.10999
93436,2022-06-22,TESLA INC,708.26001
93436,2022-06-23,TESLA INC,705.21002
93436,2022-06-24,TESLA INC,737.12000
93436,2022-06-27,TESLA INC,734.76001
93436,2022-06-28,TESLA INC,697.98999
93436,2022-06-29,TESLA INC,685.46997
93436,2022-06-30,TESLA INC,673.41998
93436,2022-07-01,TESLA INC,681.78998
93436,2022-07-05,TESLA INC,699.20001
93436,2022-07-06,TESLA INC,695.20001
93436,2022-07-07,TESLA INC,733.63000
93436,2022-07-08,TESLA INC,752.28998
93436,2022-07-11,TESLA INC,703.03003
93436,2022-07-12,TESLA INC,699.21002
93436,2022-07-13,TESLA INC,711.12000
93436,2022-07-14,TESLA INC,714.94000
93436,2022-07-15,TESLA INC,720.20001
93436,2022-07-18,TESLA INC,721.64001
93436,2022-07-19,TESLA INC,736.59003
93436,2022-07-20,TESLA INC,742.50000
93436,2022-07-21,TESLA INC,815.12000
93436,2022-07-22,TESLA INC,816.72998
93436,2022-07-25,TESLA INC,805.29999
93436,2022-07-26,TESLA INC,776.58002
93436,2022-07-27,TESLA INC,824.46002
93436,2022-07-28,TESLA INC,842.70001
93436,2022-07-29,TESLA INC,891.45001
93436,2022-08-01,TESLA INC,891.83002
93436,2022-08-02,TESLA INC,901.76001
93436,2022-08-03,TESLA INC,922.19000
93436,2022-08-04,TESLA INC,925.90002
93436,2022-08-05,TESLA INC,864.51001
93436,2022-08-08,TESLA INC,871.27002
93436,2022-08-09,TESLA INC,850.00000
93436,2022-08-10,TESLA INC,883.07001
93436,2022-08-11,TESLA INC,859.89001
93436,2022-08-12,TESLA INC,900.09003
93436,2022-08-15,TESLA INC,927.96002
93436,2022-08-16,TESLA INC,919.69000
93436,2022-08-17,TESLA INC,911.98999
93436,2022-08-18,TESLA INC,908.60999
93436,2022-08-19,TESLA INC,890.00000
93436,2022-08-22,TESLA INC,869.73999
93436,2022-08-23,TESLA INC,889.35999
93436,2022-08-24,TESLA INC,891.28998
93436,2022-08-25,TESLA INC,296.07001
93436,2022-08-26,TESLA INC,288.09000
93436,2022-08-29,TESLA INC,284.82001
93436,2022-08-30,TESLA INC,277.70001
93436,2022-08-31,TESLA INC,275.60999
93436,2022-09-01,TESLA INC,277.16000
93436,2022-09-02,TESLA INC,270.20999
93436,2022-09-06,TESLA INC,274.42001
93436,2022-09-07,TESLA INC,283.70001
93436,2022-09-08,TESLA INC,289.26001
93436,2022-09-09,TESLA INC,299.67999
93436,2022-09-12,TESLA INC,304.42001
93436,2022-09-13,TESLA INC,292.13000
93436,2022-09-14,TESLA INC,302.60999
93436,2022-09-15,TESLA INC,303.75000
93436,2022-09-16,TESLA INC,303.35001
93436,2022-09-19,TESLA INC,309.07001
93436,2022-09-20,TESLA INC,308.73001
93436,2022-09-21,TESLA INC,300.79999
93436,2022-09-22,TESLA INC,288.59000
93436,2022-09-23,TESLA INC,275.32999
93436,2022-09-26,TESLA INC,276.01001
93436,2022-09-27,TESLA INC,282.94000
93436,2022-09-28,TESLA INC,287.81000
93436,2022-09-29,TESLA INC,268.20999
93436,2022-09-30,TESLA INC,265.25000
93436,2022-10-03,TESLA INC,242.39999
93436,2022-10-04,TESLA INC,249.44000
93436,2022-10-05,TESLA INC,240.81000
93436,2022-10-06,TESLA INC,238.13000
93436,2022-10-07,TESLA INC,223.07001
93436,2022-10-10,TESLA INC,222.96001
93436,2022-10-11,TESLA INC,216.50000
93436,2022-10-12,TESLA INC,217.24001
93436,2022-10-13,TESLA INC,221.72000
93436,2022-10-14,TESLA INC,204.99001
93436,2022-10-17,TESLA INC,219.35001
93436,2022-10-18,TESLA INC,220.19000
93436,2022-10-19,TESLA INC,222.03999
93436,2022-10-20,TESLA INC,207.28000
93436,2022-10-21,TESLA INC,214.44000
93436,2022-10-24,TESLA INC,211.25000
93436,2022-10-25,TESLA INC,222.41499
93436,2022-10-26,TESLA INC,224.64000
93436,2022-10-27,TESLA INC,225.09000
93436,2022-10-28,TESLA INC,228.52000
93436,2022-10-31,TESLA INC,227.53999
93436,2022-11-01,TESLA INC,227.82001
93436,2022-11-02,TESLA INC,214.98000
93436,2022-11-03,TESLA INC,215.31000
93436,2022-11-04,TESLA INC,207.47000
93436,2022-11-07,TESLA INC,197.08000
93436,2022-11-08,TESLA INC,191.30000
93436,2022-11-09,TESLA INC,177.59000
93436,2022-11-10,TESLA INC,190.72000
93436,2022-11-11,TESLA INC,195.97000
93436,2022-11-14,TESLA INC,190.95000
93436,2022-11-15,TESLA INC,194.42000
93436,2022-11-16,TESLA INC,186.92000
93436,2022-11-17,TESLA INC,183.17000
93436,2022-11-18,TESLA INC,180.19000
93436,2022-11-21,TESLA INC,167.87000
93436,2022-11-22,TESLA INC,169.91000
93436,2022-11-23,TESLA INC,183.20000
93436,2022-11-25,TESLA INC,182.86000
93436,2022-11-28,TESLA INC,182.92000
93436,2022-11-29,TESLA INC,180.83000
93436,2022-11-30,TESLA INC,194.70000
93436,2022-12-01,TESLA INC,194.70000
93436,2022-12-02,TESLA INC,194.86000
93436,2022-12-05,TESLA INC,182.45000
93436,2022-12-06,TESLA INC,179.82001
93436,2022-12-07,TESLA INC,174.03999
93436,2022-12-08,TESLA INC,173.44000
93436,2022-12-09,TESLA INC,179.05000
93436,2022-12-12,TESLA INC,167.82001
93436,2022-12-13,TESLA INC,160.95000
93436,2022-12-14,TESLA INC,156.80000
93436,2022-12-15,TESLA INC,157.67000
93436,2022-12-16,TESLA INC,150.23000
93436,2022-12-19,TESLA INC,149.87000
93436,2022-12-20,TESLA INC,137.80000
93436,2022-12-21,TESLA INC,137.57001
93436,2022-12-22,TESLA INC,125.35000
93436,2022-12-23,TESLA INC,123.15000
93436,2022-12-27,TESLA INC,109.10000
93436,2022-12-28,TESLA INC,112.71000
93436,2022-12-29,TESLA INC,121.82000
93436,2022-12-30,TESLA INC,123.18000
93436,2023-01-03,TESLA INC,108.10000
93436,2023-01-04,TESLA INC,113.64000
93436,2023-01-05,TESLA INC,110.34000
93436,2023-01-06,TESLA INC,113.06000
93436,2023-01-09,TESLA INC,119.77000
93436,2023-01-10,TESLA INC,118.85000
93436,2023-01-11,TESLA INC,123.22000
93436,2023-01-12,TESLA INC,123.56000
93436,2023-01-13,TESLA INC,122.40000
93436,2023-01-17,TESLA INC,131.49001
93436,2023-01-18,TESLA INC,128.78000
93436,2023-01-19,TESLA INC,127.17000
93436,2023-01-20,TESLA INC,133.42000
93436,2023-01-23,TESLA INC,143.75000
93436,2023-01-24,TESLA INC,143.89000
93436,2023-01-25,TESLA INC,144.42999
93436,2023-01-26,TESLA INC,160.27000
93436,2023-01-27,TESLA INC,177.89999
93436,2023-01-30,TESLA INC,166.66000
93436,2023-01-31,TESLA INC,173.22000
93436,2023-02-01,TESLA INC,181.41000
93436,2023-02-02,TESLA INC,188.27000
93436,2023-02-03,TESLA INC,189.98000
93436,2023-02-06,TESLA INC,194.75999
93436,2023-02-07,TESLA INC,196.81000
93436,2023-02-08,TESLA INC,201.28999
93436,2023-02-09,TESLA INC,207.32001
93436,2023-02-10,TESLA INC,196.89000
93436,2023-02-13,TESLA INC,194.64000
93436,2023-02-14,TESLA INC,209.25000
93436,2023-02-15,TESLA INC,214.24001
93436,2023-02-16,TESLA INC,202.03999
93436,2023-02-17,TESLA INC,208.31000
93436,2023-02-21,TESLA INC,197.37000
93436,2023-02-22,TESLA INC,200.86000
93436,2023-02-23,TESLA INC,202.07001
93436,2023-02-24,TESLA INC,196.88000
93436,2023-02-27,TESLA INC,207.63000
93436,2023-02-28,TESLA INC,205.71001
93436,2023-03-01,TESLA INC,202.77000
93436,2023-03-02,TESLA INC,190.89999
93436,2023-03-03,TESLA INC,197.78999
93436,2023-03-06,TESLA INC,193.81000
93436,2023-03-07,TESLA INC,187.71001
93436,2023-03-08,TESLA INC,182.00000
93436,2023-03-09,TESLA INC,172.92000
93436,2023-03-10,TESLA INC,173.44000
93436,2023-03-13,TESLA INC,174.48000
93436,2023-03-14,TESLA INC,183.25999
93436,2023-03-15,TESLA INC,180.45000
93436,2023-03-16,TESLA INC,184.13000
93436,2023-03-17,TESLA INC,180.13000
93436,2023-03-20,TESLA INC,183.25000
93436,2023-03-21,TESLA INC,197.58000
93436,2023-03-22,TESLA INC,191.14999
93436,2023-03-23,TESLA INC,192.22000
93436,2023-03-24,TESLA INC,190.41000
93436,2023-03-27,TESLA INC,191.81000
93436,2023-03-28,TESLA INC,189.19000
93436,2023-03-29,TESLA INC,193.88000
93436,2023-03-30,TESLA INC,195.28000
93436,2023-03-31,TESLA INC,207.46001
93436,2023-04-03,TESLA INC,194.77000
93436,2023-04-04,TESLA INC,192.58000
93436,2023-04-05,TESLA INC,185.52000
93436,2023-04-06,TESLA INC,185.06000
93436,2023-04-10,TESLA INC,184.50999
93436,2023-04-11,TESLA INC,186.78999
93436,2023-04-12,TESLA INC,180.53999
93436,2023-04-13,TESLA INC,185.89999
93436,2023-04-14,TESLA INC,185.00000
93436,2023-04-17,TESLA INC,187.03999
93436,2023-04-18,TESLA INC,184.31000
93436,2023-04-19,TESLA INC,180.59000
93436,2023-04-20,TESLA INC,162.99001
93436,2023-04-21,TESLA INC,165.08000
93436,2023-04-24,TESLA INC,162.55000
93436,2023-04-25,TESLA INC,160.67000
93436,2023-04-26,TESLA INC,153.75000
93436,2023-04-27,TESLA INC,160.19000
93436,2023-04-28,TESLA INC,164.31000
93436,2023-05-01,TESLA INC,161.83000
93436,2023-05-02,TESLA INC,160.31000
93436,2023-05-03,TESLA INC,160.61000
93436,2023-05-04,TESLA INC,161.20000
93436,2023-05-05,TESLA INC,170.06000
93436,2023-05-08,TESLA INC,171.78999
93436,2023-05-09,TESLA INC,169.14999
93436,2023-05-10,TESLA INC,168.53999
93436,2023-05-11,TESLA INC,172.08000
93436,2023-05-12,TESLA INC,167.98000
93436,2023-05-15,TESLA INC,166.35001
93436,2023-05-16,TESLA INC,166.52000
93436,2023-05-17,TESLA INC,173.86000
93436,2023-05-18,TESLA INC,176.89000
93436,2023-05-19,TESLA INC,180.14000
93436,2023-05-22,TESLA INC,188.87000
93436,2023-05-23,TESLA INC,185.77000
93436,2023-05-24,TESLA INC,182.89999
93436,2023-05-25,TESLA INC,184.47000
93436,2023-05-26,TESLA INC,193.17000
93436,2023-05-30,TESLA INC,201.16000
93436,2023-05-31,TESLA INC,203.92999
93436,2023-06-01,TESLA INC,207.52000
93436,2023-06-02,TESLA INC,213.97000
93436,2023-06-05,TESLA INC,217.61000
93436,2023-06-06,TESLA INC,221.31000
93436,2023-06-07,TESLA INC,224.57001
93436,2023-06-08,TESLA INC,234.86000
93436,2023-06-09,TESLA INC,244.39999
93436,2023-06-12,TESLA INC,249.83000
93436,2023-06-13,TESLA INC,258.70999
93436,2023-06-14,TESLA INC,256.79001
93436,2023-06-15,TESLA INC,255.89999
93436,2023-06-16,TESLA INC,260.54001
93436,2023-06-20,TESLA INC,274.45001
93436,2023-06-21,TESLA INC,259.45999
93436,2023-06-22,TESLA INC,264.60999
93436,2023-06-23,TESLA INC,256.60001
93436,2023-06-26,TESLA INC,241.05000
93436,2023-06-27,TESLA INC,250.21001
93436,2023-06-28,TESLA INC,256.23999
93436,2023-06-29,TESLA INC,257.50000
93436,2023-06-30,TESLA INC,261.76999
93436,2023-07-03,TESLA INC,279.82001
93436,2023-07-05,TESLA INC,282.48001
93436,2023-07-06,TESLA INC,276.54001
93436,2023-07-07,TESLA INC,274.42999
93436,2023-07-10,TESLA INC,269.60999
93436,2023-07-11,TESLA INC,269.79001
93436,2023-07-12,TESLA INC,271.98999
93436,2023-07-13,TESLA INC,277.89999
93436,2023-07-14,TESLA INC,281.38000
93436,2023-07-17,TESLA INC,290.38000
93436,2023-07-18,TESLA INC,293.34000
93436,2023-07-19,TESLA INC,291.26001
93436,2023-07-20,TESLA INC,262.89999
93436,2023-07-21,TESLA INC,260.01999
93436,2023-07-24,TESLA INC,269.06000
93436,2023-07-25,TESLA INC,265.28000
93436,2023-07-26,TESLA INC,264.35001
93436,2023-07-27,TESLA INC,255.71001
93436,2023-07-28,TESLA INC,266.44000
93436,2023-07-31,TESLA INC,267.42999
93436,2023-08-01,TESLA INC,261.07001
93436,2023-08-02,TESLA INC,254.11000
93436,2023-08-03,TESLA INC,259.32001
93436,2023-08-04,TESLA INC,253.86000
93436,2023-08-07,TESLA INC,251.45000
93436,2023-08-08,TESLA INC,249.70000
93436,2023-08-09,TESLA INC,242.19000
93436,2023-08-10,TESLA INC,245.34000
93436,2023-08-11,TESLA INC,242.64999
93436,2023-08-14,TESLA INC,239.75999
93436,2023-08-15,TESLA INC,232.96001
93436,2023-08-16,TESLA INC,225.60001
93436,2023-08-17,TESLA INC,219.22000
93436,2023-08-18,TESLA INC,215.49001
93436,2023-08-21,TESLA INC,231.28000
93436,2023-08-22,TESLA INC,233.19000
93436,2023-08-23,TESLA INC,236.86000
93436,2023-08-24,TESLA INC,230.03999
93436,2023-08-25,TESLA INC,238.59000
93436,2023-08-28,TESLA INC,238.82001
93436,2023-08-29,TESLA INC,257.17999
93436,2023-08-30,TESLA INC,256.89999
93436,2023-08-31,TESLA INC,258.07999
93436,2023-09-01,TESLA INC,245.00999
93436,2023-09-05,TESLA INC,256.48999
93436,2023-09-06,TESLA INC,251.92000
93436,2023-09-07,TESLA INC,251.49001
93436,2023-09-08,TESLA INC,248.50000
93436,2023-09-11,TESLA INC,273.57999
93436,2023-09-12,TESLA INC,267.48001
93436,2023-09-13,TESLA INC,271.29999
93436,2023-09-14,TESLA INC,276.04001
93436,2023-09-15,TESLA INC,274.39001
93436,2023-09-18,TESLA INC,265.28000
93436,2023-09-19,TESLA INC,266.50000
93436,2023-09-20,TESLA INC,262.59000
93436,2023-09-21,TESLA INC,255.70000
93436,2023-09-22,TESLA INC,244.88000
93436,2023-09-25,TESLA INC,246.99001
93436,2023-09-26,TESLA INC,244.12000
93436,2023-09-27,TESLA INC,240.50000
93436,2023-09-28,TESLA INC,246.38000
93436,2023-09-29,TESLA INC,250.22000
93436,2023-10-02,TESLA INC,251.60001
93436,2023-10-03,TESLA INC,246.53000
93436,2023-10-04,TESLA INC,261.16000
93436,2023-10-05,TESLA INC,260.04999
93436,2023-10-06,TESLA INC,260.53000
93436,2023-10-09,TESLA INC,259.67001
93436,2023-10-10,TESLA INC,263.62000
93436,2023-10-11,TESLA INC,262.98999
93436,2023-10-12,TESLA INC,258.87000
93436,2023-10-13,TESLA INC,251.12000
93436,2023-10-16,TESLA INC,253.92000
93436,2023-10-17,TESLA INC,254.85001
93436,2023-10-18,TESLA INC,242.67999
93436,2023-10-19,TESLA INC,220.11000
93436,2023-10-20,TESLA INC,211.99001
93436,2023-10-23,TESLA INC,212.08000
93436,2023-10-24,TESLA INC,216.52000
93436,2023-10-25,TESLA INC,212.42000
93436,2023-10-26,TESLA INC,205.75999
93436,2023-10-27,TESLA INC,207.30000
93436,2023-10-30,TESLA INC,197.36000
93436,2023-10-31,TESLA INC,200.84000
93436,2023-11-01,TESLA INC,205.66000
93436,2023-11-02,TESLA INC,218.50999
93436,2023-11-03,TESLA INC,219.96001
93436,2023-11-06,TESLA INC,219.27000
93436,2023-11-07,TESLA INC,222.17999
93436,2023-11-08,TESLA INC,222.11000
93436,2023-11-09,TESLA INC,209.98000
93436,2023-11-10,TESLA INC,214.64999
93436,2023-11-13,TESLA INC,223.71001
93436,2023-11-14,TESLA INC,237.41000
93436,2023-11-15,TESLA INC,242.84000
93436,2023-11-16,TESLA INC,233.59000
93436,2023-11-17,TESLA INC,234.30000
93436,2023-11-20,TESLA INC,235.60001
93436,2023-11-21,TESLA INC,241.20000
93436,2023-11-22,TESLA INC,234.21001
93436,2023-11-24,TESLA INC,235.45000
93436,2023-11-27,TESLA INC,236.08000
93436,2023-11-28,TESLA INC,246.72000
93436,2023-11-29,TESLA INC,244.14000
93436,2023-11-30,TESLA INC,240.08000
93436,2023-12-01,TESLA INC,238.83000
93436,2023-12-04,TESLA INC,235.58000
93436,2023-12-05,TESLA INC,238.72000
93436,2023-12-06,TESLA INC,239.37000
93436,2023-12-07,TESLA INC,242.64000
93436,2023-12-08,TESLA INC,243.84000
93436,2023-12-11,TESLA INC,239.74001
93436,2023-12-12,TESLA INC,237.00999
93436,2023-12-13,TESLA INC,239.28999
93436,2023-12-14,TESLA INC,251.05000
93436,2023-12-15,TESLA INC,253.50000
93436,2023-12-18,TESLA INC,252.08000
93436,2023-12-19,TESLA INC,257.22000
93436,2023-12-20,TESLA INC,247.14000
93436,2023-12-21,TESLA INC,254.50000
93436,2023-12-22,TESLA INC,252.53999
93436,2023-12-26,TESLA INC,256.60999
93436,2023-12-27,TESLA INC,261.44000
93436,2023-12-28,TESLA INC,253.17999
93436,2023-12-29,TESLA INC,248.48000
93436,2024-01-02,TESLA INC,248.42000
93436,2024-01-03,TESLA INC,238.45000
93436,2024-01-04,TESLA INC,237.92999
93436,2024-01-05,TESLA INC,237.49001
93436,2024-01-08,TESLA INC,240.45000
93436,2024-01-09,TESLA INC,234.96001
93436,2024-01-10,TESLA INC,233.94000
93436,2024-01-11,TESLA INC,227.22000
93436,2024-01-12,TESLA INC,218.89000
93436,2024-01-16,TESLA INC,219.91000
93436,2024-01-17,TESLA INC,215.55000
93436,2024-01-18,TESLA INC,211.88000
93436,2024-01-19,TESLA INC,212.19000
93436,2024-01-22,TESLA INC,208.80000
93436,2024-01-23,TESLA INC,209.14000
93436,2024-01-24,TESLA INC,207.83000
93436,2024-01-25,TESLA INC,182.63000
93436,2024-01-26,TESLA INC,183.25000
93436,2024-01-29,TESLA INC,190.92999
93436,2024-01-30,TESLA INC,191.59000
93436,2024-01-31,TESLA INC,187.28999
93436,2024-02-01,TESLA INC,188.86000
93436,2024-02-02,TESLA INC,187.91000
93436,2024-02-05,TESLA INC,181.06000
93436,2024-02-06,TESLA INC,185.10001
93436,2024-02-07,TESLA INC,187.58000
93436,2024-02-08,TESLA INC,189.56000
93436,2024-02-09,TESLA INC,193.57001
93436,2024-02-12,TESLA INC,188.13000
93436,2024-02-13,TESLA INC,184.02000
93436,2024-02-14,TESLA INC,188.71001
93436,2024-02-15,TESLA INC,200.45000
93436,2024-02-16,TESLA INC,199.95000
93436,2024-02-20,TESLA INC,193.75999
93436,2024-02-21,TESLA INC,194.77000
93436,2024-02-22,TESLA INC,197.41000
93436,2024-02-23,TESLA INC,191.97000
93436,2024-02-26,TESLA INC,199.39999
93436,2024-02-27,TESLA INC,199.73000
93436,2024-02-28,TESLA INC,202.03999
93436,2024-02-29,TESLA INC,201.88000
93436,2024-03-01,TESLA INC,202.64000
93436,2024-03-04,TESLA INC,188.14000
93436,2024-03-05,TESLA INC,180.74001
93436,2024-03-06,TESLA INC,176.53999
93436,2024-03-07,TESLA INC,178.64999
93436,2024-03-08,TESLA INC,175.34000
93436,2024-03-11,TESLA INC,177.77000
93436,2024-03-12,TESLA INC,177.53999
93436,2024-03-13,TESLA INC,169.48000
93436,2024-03-14,TESLA INC,162.50000
93436,2024-03-15,TESLA INC,163.57001
93436,2024-03-18,TESLA INC,173.80000
93436,2024-03-19,TESLA INC,171.32001
93436,2024-03-20,TESLA INC,175.66000
93436,2024-03-21,TESLA INC,172.82001
93436,2024-03-22,TESLA INC,170.83000
93436,2024-03-25,TESLA INC,172.63000
93436,2024-03-26,TESLA INC,177.67000
93436,2024-03-27,TESLA INC,179.83000
93436,2024-03-28,TESLA INC,175.78999
93436,2024-04-01,TESLA INC,175.22000
93436,2024-04-02,TESLA INC,166.63000
93436,2024-04-03,TESLA INC,168.38000
93436,2024-04-04,TESLA INC,171.11000
93436,2024-04-05,TESLA INC,164.89999
93436,2024-04-08,TESLA INC,172.98000
93436,2024-04-09,TESLA INC,176.88000
93436,2024-04-10,TESLA INC,171.75999
93436,2024-04-11,TESLA INC,174.60001
93436,2024-04-12,TESLA INC,171.05000
93436,2024-04-15,TESLA INC,161.48000
93436,2024-04-16,TESLA INC,157.11000
93436,2024-04-17,TESLA INC,155.45000
93436,2024-04-18,TESLA INC,149.92999
93436,2024-04-19,TESLA INC,147.05000
93436,2024-04-22,TESLA INC,142.05000
93436,2024-04-23,TESLA INC,144.67999
93436,2024-04-24,TESLA INC,162.13000
93436,2024-04-25,TESLA INC,170.17999
93436,2024-04-26,TESLA INC,168.28999
93436,2024-04-29,TESLA INC,194.05000
93436,2024-04-30,TESLA INC,183.28000
93436,2024-05-01,TESLA INC,179.99001
93436,2024-05-02,TESLA INC,180.00999
93436,2024-05-03,TESLA INC,181.19000
93436,2024-05-06,TESLA INC,184.75999
93436,2024-05-07,TESLA INC,177.81000
93436,2024-05-08,TESLA INC,174.72000
93436,2024-05-09,TESLA INC,171.97000
93436,2024-05-10,TESLA INC,168.47000
93436,2024-05-13,TESLA INC,171.89000
93436,2024-05-14,TESLA INC,177.55000
93436,2024-05-15,TESLA INC,173.99001
93436,2024-05-16,TESLA INC,174.84000
93436,2024-05-17,TESLA INC,177.46001
93436,2024-05-20,TESLA INC,174.95000
93436,2024-05-21,TESLA INC,186.60001
93436,2024-05-22,TESLA INC,180.11000
93436,2024-05-23,TESLA INC,173.74001
93436,2024-05-24,TESLA INC,179.24001
93436,2024-05-28,TESLA INC,176.75000
93436,2024-05-29,TESLA INC,176.19000
93436,2024-05-30,TESLA INC,178.78999
93436,2024-05-31,TESLA INC,178.08000
93436,2024-06-03,TESLA INC,176.28999
93436,2024-06-04,TESLA INC,174.77000
93436,2024-06-05,TESLA INC,175.00000
93436,2024-06-06,TESLA INC,177.94000
93436,2024-06-07,TESLA INC,177.48000
93436,2024-06-10,TESLA INC,173.78999
93436,2024-06-11,TESLA INC,170.66000
93436,2024-06-12,TESLA INC,177.28999
93436,2024-06-13,TESLA INC,182.47000
93436,2024-06-14,TESLA INC,178.00999
93436,2024-06-17,TESLA INC,187.44000
93436,2024-06-18,TESLA INC,184.86000
93436,2024-06-20,TESLA INC,181.57001
93436,2024-06-21,TESLA INC,183.00999
93436,2024-06-24,TESLA INC,182.58000
93436,2024-06-25,TESLA INC,187.35001
93436,2024-06-26,TESLA INC,196.37000
93436,2024-06-27,TESLA INC,197.42000
93436,2024-06-28,TESLA INC,197.88000
93436,2024-07-01,TESLA INC,209.86000
93436,2024-07-02,TESLA INC,231.25999
93436,2024-07-03,TESLA INC,246.39000
93436,2024-07-05,TESLA INC,251.52000
93436,2024-07-08,TESLA INC,252.94000
93436,2024-07-09,TESLA INC,262.32999
93436,2024-07-10,TESLA INC,263.26001
93436,2024-07-11,TESLA INC,241.03000
93436,2024-07-12,TESLA INC,248.23000
93436,2024-07-15,TESLA INC,252.64000
93436,2024-07-16,TESLA INC,256.56000
93436,2024-07-17,TESLA INC,248.50000
93436,2024-07-18,TESLA INC,249.23000
93436,2024-07-19,TESLA INC,239.20000
93436,2024-07-22,TESLA INC,251.50999
93436,2024-07-23,TESLA INC,246.38000
93436,2024-07-24,TESLA INC,215.99001
93436,2024-07-25,TESLA INC,220.25000
93436,2024-07-26,TESLA INC,219.80000
93436,2024-07-29,TESLA INC,232.10001
93436,2024-07-30,TESLA INC,222.62000
93436,2024-07-31,TESLA INC,232.07001
93436,2024-08-01,TESLA INC,216.86000
93436,2024-08-02,TESLA INC,207.67000
93436,2024-08-05,TESLA INC,198.88000
93436,2024-08-06,TESLA INC,200.64000
93436,2024-08-07,TESLA INC,191.75999
93436,2024-08-08,TESLA INC,198.84000
93436,2024-08-09,TESLA INC,200.00000
93436,2024-08-12,TESLA INC,197.49001
93436,2024-08-13,TESLA INC,207.83000
93436,2024-08-14,TESLA INC,201.38000
93436,2024-08-15,TESLA INC,214.14000
93436,2024-08-16,TESLA INC,216.12000
93436,2024-08-19,TESLA INC,222.72000
93436,2024-08-20,TESLA INC,221.10001
93436,2024-08-21,TESLA INC,223.27000
93436,2024-08-22,TESLA INC,210.66000
93436,2024-08-23,TESLA INC,220.32001
93436,2024-08-26,TESLA INC,213.21001
93436,2024-08-27,TESLA INC,209.21001
93436,2024-08-28,TESLA INC,205.75000
93436,2024-08-29,TESLA INC,206.28000
93436,2024-08-30,TESLA INC,214.11000
93436,2024-09-03,TESLA INC,210.60001
93436,2024-09-04,TESLA INC,219.41000
93436,2024-09-05,TESLA INC,230.17000
93436,2024-09-06,TESLA INC,210.73000
93436,2024-09-09,TESLA INC,216.27000
93436,2024-09-10,TESLA INC,226.17000
93436,2024-09-11,TESLA INC,228.13000
93436,2024-09-12,TESLA INC,229.81000
93436,2024-09-13,TESLA INC,230.28999
93436,2024-09-16,TESLA INC,226.78000
93436,2024-09-17,TESLA INC,227.87000
93436,2024-09-18,TESLA INC,227.20000
93436,2024-09-19,TESLA INC,243.92000
93436,2024-09-20,TESLA INC,238.25000
93436,2024-09-23,TESLA INC,250.00000
93436,2024-09-24,TESLA INC,254.27000
93436,2024-09-25,TESLA INC,257.01999
93436,2024-09-26,TESLA INC,254.22000
93436,2024-09-27,TESLA INC,260.45999
93436,2024-09-30,TESLA INC,261.63000
